ID,Name,Nexus_File,rooted,type,method,scaling,Source
summary,TREE1,summary.trees,true,summary,bayesian,substitutions,de_Filippo_2012
posterior-1,,posterior.trees,,sample,bayesian,substitutions,de_Filippo_2012
posterior-2,,posterior.trees,,sample,bayesian,substitutions,de_Filippo_2012
posterior-3,,posterior.trees,,sample,bayesian,substitutions,de_Filippo_2012
posterior-4,,posterior.trees,,sample,bayesian,substitutions,de_Filippo_2012
posterior-5,,posterior.trees,,sample,bayesian,substitutions,de_Filippo_2012
posterior-6,,posterior.trees,,sample,bayesian,substitutions,de_Filippo_2012
posterior-7,,posterior.trees,,sample,bayesian,substitutions,de_Filippo_2012
posterior-8,,posterior.trees,,sample,bayesian,substitutions,de_Filippo_2012
posterior-9,,posterior.trees,,sample,bayesian,substitutions,de_Filippo_2012
posterior-10,,posterior.trees,,sample,bayesian,substitutions,de_Filippo_2012
posterior-11,,posterior.trees,,sample,bayesian,substitutions,de_Filippo_2012
posterior-12,,posterior.trees,,sample,bayesian,substitutions,de_Filippo_2012
posterior-13,,posterior.trees,,sample,bayesian,substitutions,de_Filippo_2012
posterior-14,,posterior.trees,,sample,bayesian,substitutions,de_Filippo_2012
posterior-15,,posterior.trees,,sample,bayesian,substitutions,de_Filippo_2012
posterior-16,,posterior.trees,,sample,bayesian,substitutions,de_Filippo_2012
posterior-17,,posterior.trees,,sample,bayesian,substitutions,de_Filippo_2012
posterior-18,,posterior.trees,,sample,bayesian,substitutions,de_Filippo_2012
posterior-19,,posterior.trees,,sample,bayesian,substitutions,de_Filippo_2012
posterior-20,,posterior.trees,,sample,bayesian,substitutions,de_Filippo_2012
posterior-21,,posterior.trees,,sample,bayesian,substitutions,de_Filippo_2012
posterior-22,,posterior.trees,,sample,bayesian,substitutions,de_Filippo_2012
posterior-23,,posterior.trees,,sample,bayesian,substitutions,de_Filippo_2012
posterior-24,,posterior.trees,,sample,bayesian,substitutions,de_Filippo_2012
posterior-25,,posterior.trees,,sample,bayesian,substitutions,de_Filippo_2012
posterior-26,,posterior.trees,,sample,bayesian,substitutions,de_Filippo_2012
posterior-27,,posterior.trees,,sample,bayesian,substitutions,de_Filippo_2012
posterior-28,,posterior.trees,,sample,bayesian,substitutions,de_Filippo_2012
posterior-29,,posterior.trees,,sample,bayesian,substitutions,de_Filippo_2012
posterior-30,,posterior.trees,,sample,bayesian,substitutions,de_Filippo_2012
posterior-31,,posterior.trees,,sample,bayesian,substitutions,de_Filippo_2012
posterior-32,,posterior.trees,,sample,bayesian,substitutions,de_Filippo_2012
posterior-33,,posterior.trees,,sample,bayesian,substitutions,de_Filippo_2012
posterior-34,,posterior.trees,,sample,bayesian,substitutions,de_Filippo_2012
posterior-35,,posterior.trees,,sample,bayesian,substitutions,de_Filippo_2012
posterior-36,,posterior.trees,,sample,bayesian,substitutions,de_Filippo_2012
posterior-37,,posterior.trees,,sample,bayesian,substitutions,de_Filippo_2012
posterior-38,,posterior.trees,,sample,bayesian,substitutions,de_Filippo_2012
posterior-39,,posterior.trees,,sample,bayesian,substitutions,de_Filippo_2012
posterior-40,,posterior.trees,,sample,bayesian,substitutions,de_Filippo_2012
posterior-41,,posterior.trees,,sample,bayesian,substitutions,de_Filippo_2012
posterior-42,,posterior.trees,,sample,bayesian,substitutions,de_Filippo_2012
posterior-43,,posterior.trees,,sample,bayesian,substitutions,de_Filippo_2012
posterior-44,,posterior.trees,,sample,bayesian,substitutions,de_Filippo_2012
posterior-45,,posterior.trees,,sample,bayesian,substitutions,de_Filippo_2012
posterior-46,,posterior.trees,,sample,bayesian,substitutions,de_Filippo_2012
posterior-47,,posterior.trees,,sample,bayesian,substitutions,de_Filippo_2012
posterior-48,,posterior.trees,,sample,bayesian,substitutions,de_Filippo_2012
posterior-49,,posterior.trees,,sample,bayesian,substitutions,de_Filippo_2012
posterior-50,,posterior.trees,,sample,bayesian,substitutions,de_Filippo_2012
posterior-51,,posterior.trees,,sample,bayesian,substitutions,de_Filippo_2012
posterior-52,,posterior.trees,,sample,bayesian,substitutions,de_Filippo_2012
posterior-53,,posterior.trees,,sample,bayesian,substitutions,de_Filippo_2012
posterior-54,,posterior.trees,,sample,bayesian,substitutions,de_Filippo_2012
posterior-55,,posterior.trees,,sample,bayesian,substitutions,de_Filippo_2012
posterior-56,,posterior.trees,,sample,bayesian,substitutions,de_Filippo_2012
posterior-57,,posterior.trees,,sample,bayesian,substitutions,de_Filippo_2012
posterior-58,,posterior.trees,,sample,bayesian,substitutions,de_Filippo_2012
posterior-59,,posterior.trees,,sample,bayesian,substitutions,de_Filippo_2012
posterior-60,,posterior.trees,,sample,bayesian,substitutions,de_Filippo_2012
posterior-61,,posterior.trees,,sample,bayesian,substitutions,de_Filippo_2012
posterior-62,,posterior.trees,,sample,bayesian,substitutions,de_Filippo_2012
posterior-63,,posterior.trees,,sample,bayesian,substitutions,de_Filippo_2012
posterior-64,,posterior.trees,,sample,bayesian,substitutions,de_Filippo_2012
posterior-65,,posterior.trees,,sample,bayesian,substitutions,de_Filippo_2012
posterior-66,,posterior.trees,,sample,bayesian,substitutions,de_Filippo_2012
posterior-67,,posterior.trees,,sample,bayesian,substitutions,de_Filippo_2012
posterior-68,,posterior.trees,,sample,bayesian,substitutions,de_Filippo_2012
posterior-69,,posterior.trees,,sample,bayesian,substitutions,de_Filippo_2012
posterior-70,,posterior.trees,,sample,bayesian,substitutions,de_Filippo_2012
posterior-71,,posterior.trees,,sample,bayesian,substitutions,de_Filippo_2012
posterior-72,,posterior.trees,,sample,bayesian,substitutions,de_Filippo_2012
posterior-73,,posterior.trees,,sample,bayesian,substitutions,de_Filippo_2012
posterior-74,,posterior.trees,,sample,bayesian,substitutions,de_Filippo_2012
posterior-75,,posterior.trees,,sample,bayesian,substitutions,de_Filippo_2012
posterior-76,,posterior.trees,,sample,bayesian,substitutions,de_Filippo_2012
posterior-77,,posterior.trees,,sample,bayesian,substitutions,de_Filippo_2012
posterior-78,,posterior.trees,,sample,bayesian,substitutions,de_Filippo_2012
posterior-79,,posterior.trees,,sample,bayesian,substitutions,de_Filippo_2012
posterior-80,,posterior.trees,,sample,bayesian,substitutions,de_Filippo_2012
posterior-81,,posterior.trees,,sample,bayesian,substitutions,de_Filippo_2012
posterior-82,,posterior.trees,,sample,bayesian,substitutions,de_Filippo_2012
posterior-83,,posterior.trees,,sample,bayesian,substitutions,de_Filippo_2012
posterior-84,,posterior.trees,,sample,bayesian,substitutions,de_Filippo_2012
posterior-85,,posterior.trees,,sample,bayesian,substitutions,de_Filippo_2012
posterior-86,,posterior.trees,,sample,bayesian,substitutions,de_Filippo_2012
posterior-87,,posterior.trees,,sample,bayesian,substitutions,de_Filippo_2012
posterior-88,,posterior.trees,,sample,bayesian,substitutions,de_Filippo_2012
posterior-89,,posterior.trees,,sample,bayesian,substitutions,de_Filippo_2012
posterior-90,,posterior.trees,,sample,bayesian,substitutions,de_Filippo_2012
posterior-91,,posterior.trees,,sample,bayesian,substitutions,de_Filippo_2012
posterior-92,,posterior.trees,,sample,bayesian,substitutions,de_Filippo_2012
posterior-93,,posterior.trees,,sample,bayesian,substitutions,de_Filippo_2012
posterior-94,,posterior.trees,,sample,bayesian,substitutions,de_Filippo_2012
posterior-95,,posterior.trees,,sample,bayesian,substitutions,de_Filippo_2012
posterior-96,,posterior.trees,,sample,bayesian,substitutions,de_Filippo_2012
posterior-97,,posterior.trees,,sample,bayesian,substitutions,de_Filippo_2012
posterior-98,,posterior.trees,,sample,bayesian,substitutions,de_Filippo_2012
posterior-99,,posterior.trees,,sample,bayesian,substitutions,de_Filippo_2012
posterior-100,,posterior.trees,,sample,bayesian,substitutions,de_Filippo_2012
posterior-101,,posterior.trees,,sample,bayesian,substitutions,de_Filippo_2012
posterior-102,,posterior.trees,,sample,bayesian,substitutions,de_Filippo_2012
posterior-103,,posterior.trees,,sample,bayesian,substitutions,de_Filippo_2012
posterior-104,,posterior.trees,,sample,bayesian,substitutions,de_Filippo_2012
posterior-105,,posterior.trees,,sample,bayesian,substitutions,de_Filippo_2012
posterior-106,,posterior.trees,,sample,bayesian,substitutions,de_Filippo_2012
posterior-107,,posterior.trees,,sample,bayesian,substitutions,de_Filippo_2012
posterior-108,,posterior.trees,,sample,bayesian,substitutions,de_Filippo_2012
posterior-109,,posterior.trees,,sample,bayesian,substitutions,de_Filippo_2012
posterior-110,,posterior.trees,,sample,bayesian,substitutions,de_Filippo_2012
posterior-111,,posterior.trees,,sample,bayesian,substitutions,de_Filippo_2012
posterior-112,,posterior.trees,,sample,bayesian,substitutions,de_Filippo_2012
posterior-113,,posterior.trees,,sample,bayesian,substitutions,de_Filippo_2012
posterior-114,,posterior.trees,,sample,bayesian,substitutions,de_Filippo_2012
posterior-115,,posterior.trees,,sample,bayesian,substitutions,de_Filippo_2012
posterior-116,,posterior.trees,,sample,bayesian,substitutions,de_Filippo_2012
posterior-117,,posterior.trees,,sample,bayesian,substitutions,de_Filippo_2012
posterior-118,,posterior.trees,,sample,bayesian,substitutions,de_Filippo_2012
posterior-119,,posterior.trees,,sample,bayesian,substitutions,de_Filippo_2012
posterior-120,,posterior.trees,,sample,bayesian,substitutions,de_Filippo_2012
posterior-121,,posterior.trees,,sample,bayesian,substitutions,de_Filippo_2012
posterior-122,,posterior.trees,,sample,bayesian,substitutions,de_Filippo_2012
posterior-123,,posterior.trees,,sample,bayesian,substitutions,de_Filippo_2012
posterior-124,,posterior.trees,,sample,bayesian,substitutions,de_Filippo_2012
posterior-125,,posterior.trees,,sample,bayesian,substitutions,de_Filippo_2012
posterior-126,,posterior.trees,,sample,bayesian,substitutions,de_Filippo_2012
posterior-127,,posterior.trees,,sample,bayesian,substitutions,de_Filippo_2012
posterior-128,,posterior.trees,,sample,bayesian,substitutions,de_Filippo_2012
posterior-129,,posterior.trees,,sample,bayesian,substitutions,de_Filippo_2012
posterior-130,,posterior.trees,,sample,bayesian,substitutions,de_Filippo_2012
posterior-131,,posterior.trees,,sample,bayesian,substitutions,de_Filippo_2012
posterior-132,,posterior.trees,,sample,bayesian,substitutions,de_Filippo_2012
posterior-133,,posterior.trees,,sample,bayesian,substitutions,de_Filippo_2012
posterior-134,,posterior.trees,,sample,bayesian,substitutions,de_Filippo_2012
posterior-135,,posterior.trees,,sample,bayesian,substitutions,de_Filippo_2012
posterior-136,,posterior.trees,,sample,bayesian,substitutions,de_Filippo_2012
posterior-137,,posterior.trees,,sample,bayesian,substitutions,de_Filippo_2012
posterior-138,,posterior.trees,,sample,bayesian,substitutions,de_Filippo_2012
posterior-139,,posterior.trees,,sample,bayesian,substitutions,de_Filippo_2012
posterior-140,,posterior.trees,,sample,bayesian,substitutions,de_Filippo_2012
posterior-141,,posterior.trees,,sample,bayesian,substitutions,de_Filippo_2012
posterior-142,,posterior.trees,,sample,bayesian,substitutions,de_Filippo_2012
posterior-143,,posterior.trees,,sample,bayesian,substitutions,de_Filippo_2012
posterior-144,,posterior.trees,,sample,bayesian,substitutions,de_Filippo_2012
posterior-145,,posterior.trees,,sample,bayesian,substitutions,de_Filippo_2012
posterior-146,,posterior.trees,,sample,bayesian,substitutions,de_Filippo_2012
posterior-147,,posterior.trees,,sample,bayesian,substitutions,de_Filippo_2012
posterior-148,,posterior.trees,,sample,bayesian,substitutions,de_Filippo_2012
posterior-149,,posterior.trees,,sample,bayesian,substitutions,de_Filippo_2012
posterior-150,,posterior.trees,,sample,bayesian,substitutions,de_Filippo_2012
posterior-151,,posterior.trees,,sample,bayesian,substitutions,de_Filippo_2012
posterior-152,,posterior.trees,,sample,bayesian,substitutions,de_Filippo_2012
posterior-153,,posterior.trees,,sample,bayesian,substitutions,de_Filippo_2012
posterior-154,,posterior.trees,,sample,bayesian,substitutions,de_Filippo_2012
posterior-155,,posterior.trees,,sample,bayesian,substitutions,de_Filippo_2012
posterior-156,,posterior.trees,,sample,bayesian,substitutions,de_Filippo_2012
posterior-157,,posterior.trees,,sample,bayesian,substitutions,de_Filippo_2012
posterior-158,,posterior.trees,,sample,bayesian,substitutions,de_Filippo_2012
posterior-159,,posterior.trees,,sample,bayesian,substitutions,de_Filippo_2012
posterior-160,,posterior.trees,,sample,bayesian,substitutions,de_Filippo_2012
posterior-161,,posterior.trees,,sample,bayesian,substitutions,de_Filippo_2012
posterior-162,,posterior.trees,,sample,bayesian,substitutions,de_Filippo_2012
posterior-163,,posterior.trees,,sample,bayesian,substitutions,de_Filippo_2012
posterior-164,,posterior.trees,,sample,bayesian,substitutions,de_Filippo_2012
posterior-165,,posterior.trees,,sample,bayesian,substitutions,de_Filippo_2012
posterior-166,,posterior.trees,,sample,bayesian,substitutions,de_Filippo_2012
posterior-167,,posterior.trees,,sample,bayesian,substitutions,de_Filippo_2012
posterior-168,,posterior.trees,,sample,bayesian,substitutions,de_Filippo_2012
posterior-169,,posterior.trees,,sample,bayesian,substitutions,de_Filippo_2012
posterior-170,,posterior.trees,,sample,bayesian,substitutions,de_Filippo_2012
posterior-171,,posterior.trees,,sample,bayesian,substitutions,de_Filippo_2012
posterior-172,,posterior.trees,,sample,bayesian,substitutions,de_Filippo_2012
posterior-173,,posterior.trees,,sample,bayesian,substitutions,de_Filippo_2012
posterior-174,,posterior.trees,,sample,bayesian,substitutions,de_Filippo_2012
posterior-175,,posterior.trees,,sample,bayesian,substitutions,de_Filippo_2012
posterior-176,,posterior.trees,,sample,bayesian,substitutions,de_Filippo_2012
posterior-177,,posterior.trees,,sample,bayesian,substitutions,de_Filippo_2012
posterior-178,,posterior.trees,,sample,bayesian,substitutions,de_Filippo_2012
posterior-179,,posterior.trees,,sample,bayesian,substitutions,de_Filippo_2012
posterior-180,,posterior.trees,,sample,bayesian,substitutions,de_Filippo_2012
posterior-181,,posterior.trees,,sample,bayesian,substitutions,de_Filippo_2012
posterior-182,,posterior.trees,,sample,bayesian,substitutions,de_Filippo_2012
posterior-183,,posterior.trees,,sample,bayesian,substitutions,de_Filippo_2012
posterior-184,,posterior.trees,,sample,bayesian,substitutions,de_Filippo_2012
posterior-185,,posterior.trees,,sample,bayesian,substitutions,de_Filippo_2012
posterior-186,,posterior.trees,,sample,bayesian,substitutions,de_Filippo_2012
posterior-187,,posterior.trees,,sample,bayesian,substitutions,de_Filippo_2012
posterior-188,,posterior.trees,,sample,bayesian,substitutions,de_Filippo_2012
posterior-189,,posterior.trees,,sample,bayesian,substitutions,de_Filippo_2012
posterior-190,,posterior.trees,,sample,bayesian,substitutions,de_Filippo_2012
posterior-191,,posterior.trees,,sample,bayesian,substitutions,de_Filippo_2012
posterior-192,,posterior.trees,,sample,bayesian,substitutions,de_Filippo_2012
posterior-193,,posterior.trees,,sample,bayesian,substitutions,de_Filippo_2012
posterior-194,,posterior.trees,,sample,bayesian,substitutions,de_Filippo_2012
posterior-195,,posterior.trees,,sample,bayesian,substitutions,de_Filippo_2012
posterior-196,,posterior.trees,,sample,bayesian,substitutions,de_Filippo_2012
posterior-197,,posterior.trees,,sample,bayesian,substitutions,de_Filippo_2012
posterior-198,,posterior.trees,,sample,bayesian,substitutions,de_Filippo_2012
posterior-199,,posterior.trees,,sample,bayesian,substitutions,de_Filippo_2012
posterior-200,,posterior.trees,,sample,bayesian,substitutions,de_Filippo_2012
posterior-201,,posterior.trees,,sample,bayesian,substitutions,de_Filippo_2012
posterior-202,,posterior.trees,,sample,bayesian,substitutions,de_Filippo_2012
posterior-203,,posterior.trees,,sample,bayesian,substitutions,de_Filippo_2012
posterior-204,,posterior.trees,,sample,bayesian,substitutions,de_Filippo_2012
posterior-205,,posterior.trees,,sample,bayesian,substitutions,de_Filippo_2012
posterior-206,,posterior.trees,,sample,bayesian,substitutions,de_Filippo_2012
posterior-207,,posterior.trees,,sample,bayesian,substitutions,de_Filippo_2012
posterior-208,,posterior.trees,,sample,bayesian,substitutions,de_Filippo_2012
posterior-209,,posterior.trees,,sample,bayesian,substitutions,de_Filippo_2012
posterior-210,,posterior.trees,,sample,bayesian,substitutions,de_Filippo_2012
posterior-211,,posterior.trees,,sample,bayesian,substitutions,de_Filippo_2012
posterior-212,,posterior.trees,,sample,bayesian,substitutions,de_Filippo_2012
posterior-213,,posterior.trees,,sample,bayesian,substitutions,de_Filippo_2012
posterior-214,,posterior.trees,,sample,bayesian,substitutions,de_Filippo_2012
posterior-215,,posterior.trees,,sample,bayesian,substitutions,de_Filippo_2012
posterior-216,,posterior.trees,,sample,bayesian,substitutions,de_Filippo_2012
posterior-217,,posterior.trees,,sample,bayesian,substitutions,de_Filippo_2012
posterior-218,,posterior.trees,,sample,bayesian,substitutions,de_Filippo_2012
posterior-219,,posterior.trees,,sample,bayesian,substitutions,de_Filippo_2012
posterior-220,,posterior.trees,,sample,bayesian,substitutions,de_Filippo_2012
posterior-221,,posterior.trees,,sample,bayesian,substitutions,de_Filippo_2012
posterior-222,,posterior.trees,,sample,bayesian,substitutions,de_Filippo_2012
posterior-223,,posterior.trees,,sample,bayesian,substitutions,de_Filippo_2012
posterior-224,,posterior.trees,,sample,bayesian,substitutions,de_Filippo_2012
posterior-225,,posterior.trees,,sample,bayesian,substitutions,de_Filippo_2012
posterior-226,,posterior.trees,,sample,bayesian,substitutions,de_Filippo_2012
posterior-227,,posterior.trees,,sample,bayesian,substitutions,de_Filippo_2012
posterior-228,,posterior.trees,,sample,bayesian,substitutions,de_Filippo_2012
posterior-229,,posterior.trees,,sample,bayesian,substitutions,de_Filippo_2012
posterior-230,,posterior.trees,,sample,bayesian,substitutions,de_Filippo_2012
posterior-231,,posterior.trees,,sample,bayesian,substitutions,de_Filippo_2012
posterior-232,,posterior.trees,,sample,bayesian,substitutions,de_Filippo_2012
posterior-233,,posterior.trees,,sample,bayesian,substitutions,de_Filippo_2012
posterior-234,,posterior.trees,,sample,bayesian,substitutions,de_Filippo_2012
posterior-235,,posterior.trees,,sample,bayesian,substitutions,de_Filippo_2012
posterior-236,,posterior.trees,,sample,bayesian,substitutions,de_Filippo_2012
posterior-237,,posterior.trees,,sample,bayesian,substitutions,de_Filippo_2012
posterior-238,,posterior.trees,,sample,bayesian,substitutions,de_Filippo_2012
posterior-239,,posterior.trees,,sample,bayesian,substitutions,de_Filippo_2012
posterior-240,,posterior.trees,,sample,bayesian,substitutions,de_Filippo_2012
posterior-241,,posterior.trees,,sample,bayesian,substitutions,de_Filippo_2012
posterior-242,,posterior.trees,,sample,bayesian,substitutions,de_Filippo_2012
posterior-243,,posterior.trees,,sample,bayesian,substitutions,de_Filippo_2012
posterior-244,,posterior.trees,,sample,bayesian,substitutions,de_Filippo_2012
posterior-245,,posterior.trees,,sample,bayesian,substitutions,de_Filippo_2012
posterior-246,,posterior.trees,,sample,bayesian,substitutions,de_Filippo_2012
posterior-247,,posterior.trees,,sample,bayesian,substitutions,de_Filippo_2012
posterior-248,,posterior.trees,,sample,bayesian,substitutions,de_Filippo_2012
posterior-249,,posterior.trees,,sample,bayesian,substitutions,de_Filippo_2012
posterior-250,,posterior.trees,,sample,bayesian,substitutions,de_Filippo_2012
posterior-251,,posterior.trees,,sample,bayesian,substitutions,de_Filippo_2012
posterior-252,,posterior.trees,,sample,bayesian,substitutions,de_Filippo_2012
posterior-253,,posterior.trees,,sample,bayesian,substitutions,de_Filippo_2012
posterior-254,,posterior.trees,,sample,bayesian,substitutions,de_Filippo_2012
posterior-255,,posterior.trees,,sample,bayesian,substitutions,de_Filippo_2012
posterior-256,,posterior.trees,,sample,bayesian,substitutions,de_Filippo_2012
posterior-257,,posterior.trees,,sample,bayesian,substitutions,de_Filippo_2012
posterior-258,,posterior.trees,,sample,bayesian,substitutions,de_Filippo_2012
posterior-259,,posterior.trees,,sample,bayesian,substitutions,de_Filippo_2012
posterior-260,,posterior.trees,,sample,bayesian,substitutions,de_Filippo_2012
posterior-261,,posterior.trees,,sample,bayesian,substitutions,de_Filippo_2012
posterior-262,,posterior.trees,,sample,bayesian,substitutions,de_Filippo_2012
posterior-263,,posterior.trees,,sample,bayesian,substitutions,de_Filippo_2012
posterior-264,,posterior.trees,,sample,bayesian,substitutions,de_Filippo_2012
posterior-265,,posterior.trees,,sample,bayesian,substitutions,de_Filippo_2012
posterior-266,,posterior.trees,,sample,bayesian,substitutions,de_Filippo_2012
posterior-267,,posterior.trees,,sample,bayesian,substitutions,de_Filippo_2012
posterior-268,,posterior.trees,,sample,bayesian,substitutions,de_Filippo_2012
posterior-269,,posterior.trees,,sample,bayesian,substitutions,de_Filippo_2012
posterior-270,,posterior.trees,,sample,bayesian,substitutions,de_Filippo_2012
posterior-271,,posterior.trees,,sample,bayesian,substitutions,de_Filippo_2012
posterior-272,,posterior.trees,,sample,bayesian,substitutions,de_Filippo_2012
posterior-273,,posterior.trees,,sample,bayesian,substitutions,de_Filippo_2012
posterior-274,,posterior.trees,,sample,bayesian,substitutions,de_Filippo_2012
posterior-275,,posterior.trees,,sample,bayesian,substitutions,de_Filippo_2012
posterior-276,,posterior.trees,,sample,bayesian,substitutions,de_Filippo_2012
posterior-277,,posterior.trees,,sample,bayesian,substitutions,de_Filippo_2012
posterior-278,,posterior.trees,,sample,bayesian,substitutions,de_Filippo_2012
posterior-279,,posterior.trees,,sample,bayesian,substitutions,de_Filippo_2012
posterior-280,,posterior.trees,,sample,bayesian,substitutions,de_Filippo_2012
posterior-281,,posterior.trees,,sample,bayesian,substitutions,de_Filippo_2012
posterior-282,,posterior.trees,,sample,bayesian,substitutions,de_Filippo_2012
posterior-283,,posterior.trees,,sample,bayesian,substitutions,de_Filippo_2012
posterior-284,,posterior.trees,,sample,bayesian,substitutions,de_Filippo_2012
posterior-285,,posterior.trees,,sample,bayesian,substitutions,de_Filippo_2012
posterior-286,,posterior.trees,,sample,bayesian,substitutions,de_Filippo_2012
posterior-287,,posterior.trees,,sample,bayesian,substitutions,de_Filippo_2012
posterior-288,,posterior.trees,,sample,bayesian,substitutions,de_Filippo_2012
posterior-289,,posterior.trees,,sample,bayesian,substitutions,de_Filippo_2012
posterior-290,,posterior.trees,,sample,bayesian,substitutions,de_Filippo_2012
posterior-291,,posterior.trees,,sample,bayesian,substitutions,de_Filippo_2012
posterior-292,,posterior.trees,,sample,bayesian,substitutions,de_Filippo_2012
posterior-293,,posterior.trees,,sample,bayesian,substitutions,de_Filippo_2012
posterior-294,,posterior.trees,,sample,bayesian,substitutions,de_Filippo_2012
posterior-295,,posterior.trees,,sample,bayesian,substitutions,de_Filippo_2012
posterior-296,,posterior.trees,,sample,bayesian,substitutions,de_Filippo_2012
posterior-297,,posterior.trees,,sample,bayesian,substitutions,de_Filippo_2012
posterior-298,,posterior.trees,,sample,bayesian,substitutions,de_Filippo_2012
posterior-299,,posterior.trees,,sample,bayesian,substitutions,de_Filippo_2012
posterior-300,,posterior.trees,,sample,bayesian,substitutions,de_Filippo_2012
posterior-301,,posterior.trees,,sample,bayesian,substitutions,de_Filippo_2012
posterior-302,,posterior.trees,,sample,bayesian,substitutions,de_Filippo_2012
posterior-303,,posterior.trees,,sample,bayesian,substitutions,de_Filippo_2012
posterior-304,,posterior.trees,,sample,bayesian,substitutions,de_Filippo_2012
posterior-305,,posterior.trees,,sample,bayesian,substitutions,de_Filippo_2012
posterior-306,,posterior.trees,,sample,bayesian,substitutions,de_Filippo_2012
posterior-307,,posterior.trees,,sample,bayesian,substitutions,de_Filippo_2012
posterior-308,,posterior.trees,,sample,bayesian,substitutions,de_Filippo_2012
posterior-309,,posterior.trees,,sample,bayesian,substitutions,de_Filippo_2012
posterior-310,,posterior.trees,,sample,bayesian,substitutions,de_Filippo_2012
posterior-311,,posterior.trees,,sample,bayesian,substitutions,de_Filippo_2012
posterior-312,,posterior.trees,,sample,bayesian,substitutions,de_Filippo_2012
posterior-313,,posterior.trees,,sample,bayesian,substitutions,de_Filippo_2012
posterior-314,,posterior.trees,,sample,bayesian,substitutions,de_Filippo_2012
posterior-315,,posterior.trees,,sample,bayesian,substitutions,de_Filippo_2012
posterior-316,,posterior.trees,,sample,bayesian,substitutions,de_Filippo_2012
posterior-317,,posterior.trees,,sample,bayesian,substitutions,de_Filippo_2012
posterior-318,,posterior.trees,,sample,bayesian,substitutions,de_Filippo_2012
posterior-319,,posterior.trees,,sample,bayesian,substitutions,de_Filippo_2012
posterior-320,,posterior.trees,,sample,bayesian,substitutions,de_Filippo_2012
posterior-321,,posterior.trees,,sample,bayesian,substitutions,de_Filippo_2012
posterior-322,,posterior.trees,,sample,bayesian,substitutions,de_Filippo_2012
posterior-323,,posterior.trees,,sample,bayesian,substitutions,de_Filippo_2012
posterior-324,,posterior.trees,,sample,bayesian,substitutions,de_Filippo_2012
posterior-325,,posterior.trees,,sample,bayesian,substitutions,de_Filippo_2012
posterior-326,,posterior.trees,,sample,bayesian,substitutions,de_Filippo_2012
posterior-327,,posterior.trees,,sample,bayesian,substitutions,de_Filippo_2012
posterior-328,,posterior.trees,,sample,bayesian,substitutions,de_Filippo_2012
posterior-329,,posterior.trees,,sample,bayesian,substitutions,de_Filippo_2012
posterior-330,,posterior.trees,,sample,bayesian,substitutions,de_Filippo_2012
posterior-331,,posterior.trees,,sample,bayesian,substitutions,de_Filippo_2012
posterior-332,,posterior.trees,,sample,bayesian,substitutions,de_Filippo_2012
posterior-333,,posterior.trees,,sample,bayesian,substitutions,de_Filippo_2012
posterior-334,,posterior.trees,,sample,bayesian,substitutions,de_Filippo_2012
posterior-335,,posterior.trees,,sample,bayesian,substitutions,de_Filippo_2012
posterior-336,,posterior.trees,,sample,bayesian,substitutions,de_Filippo_2012
posterior-337,,posterior.trees,,sample,bayesian,substitutions,de_Filippo_2012
posterior-338,,posterior.trees,,sample,bayesian,substitutions,de_Filippo_2012
posterior-339,,posterior.trees,,sample,bayesian,substitutions,de_Filippo_2012
posterior-340,,posterior.trees,,sample,bayesian,substitutions,de_Filippo_2012
posterior-341,,posterior.trees,,sample,bayesian,substitutions,de_Filippo_2012
posterior-342,,posterior.trees,,sample,bayesian,substitutions,de_Filippo_2012
posterior-343,,posterior.trees,,sample,bayesian,substitutions,de_Filippo_2012
posterior-344,,posterior.trees,,sample,bayesian,substitutions,de_Filippo_2012
posterior-345,,posterior.trees,,sample,bayesian,substitutions,de_Filippo_2012
posterior-346,,posterior.trees,,sample,bayesian,substitutions,de_Filippo_2012
posterior-347,,posterior.trees,,sample,bayesian,substitutions,de_Filippo_2012
posterior-348,,posterior.trees,,sample,bayesian,substitutions,de_Filippo_2012
posterior-349,,posterior.trees,,sample,bayesian,substitutions,de_Filippo_2012
posterior-350,,posterior.trees,,sample,bayesian,substitutions,de_Filippo_2012
posterior-351,,posterior.trees,,sample,bayesian,substitutions,de_Filippo_2012
posterior-352,,posterior.trees,,sample,bayesian,substitutions,de_Filippo_2012
posterior-353,,posterior.trees,,sample,bayesian,substitutions,de_Filippo_2012
posterior-354,,posterior.trees,,sample,bayesian,substitutions,de_Filippo_2012
posterior-355,,posterior.trees,,sample,bayesian,substitutions,de_Filippo_2012
posterior-356,,posterior.trees,,sample,bayesian,substitutions,de_Filippo_2012
posterior-357,,posterior.trees,,sample,bayesian,substitutions,de_Filippo_2012
posterior-358,,posterior.trees,,sample,bayesian,substitutions,de_Filippo_2012
posterior-359,,posterior.trees,,sample,bayesian,substitutions,de_Filippo_2012
posterior-360,,posterior.trees,,sample,bayesian,substitutions,de_Filippo_2012
posterior-361,,posterior.trees,,sample,bayesian,substitutions,de_Filippo_2012
posterior-362,,posterior.trees,,sample,bayesian,substitutions,de_Filippo_2012
posterior-363,,posterior.trees,,sample,bayesian,substitutions,de_Filippo_2012
posterior-364,,posterior.trees,,sample,bayesian,substitutions,de_Filippo_2012
posterior-365,,posterior.trees,,sample,bayesian,substitutions,de_Filippo_2012
posterior-366,,posterior.trees,,sample,bayesian,substitutions,de_Filippo_2012
posterior-367,,posterior.trees,,sample,bayesian,substitutions,de_Filippo_2012
posterior-368,,posterior.trees,,sample,bayesian,substitutions,de_Filippo_2012
posterior-369,,posterior.trees,,sample,bayesian,substitutions,de_Filippo_2012
posterior-370,,posterior.trees,,sample,bayesian,substitutions,de_Filippo_2012
posterior-371,,posterior.trees,,sample,bayesian,substitutions,de_Filippo_2012
posterior-372,,posterior.trees,,sample,bayesian,substitutions,de_Filippo_2012
posterior-373,,posterior.trees,,sample,bayesian,substitutions,de_Filippo_2012
posterior-374,,posterior.trees,,sample,bayesian,substitutions,de_Filippo_2012
posterior-375,,posterior.trees,,sample,bayesian,substitutions,de_Filippo_2012
posterior-376,,posterior.trees,,sample,bayesian,substitutions,de_Filippo_2012
posterior-377,,posterior.trees,,sample,bayesian,substitutions,de_Filippo_2012
posterior-378,,posterior.trees,,sample,bayesian,substitutions,de_Filippo_2012
posterior-379,,posterior.trees,,sample,bayesian,substitutions,de_Filippo_2012
posterior-380,,posterior.trees,,sample,bayesian,substitutions,de_Filippo_2012
posterior-381,,posterior.trees,,sample,bayesian,substitutions,de_Filippo_2012
posterior-382,,posterior.trees,,sample,bayesian,substitutions,de_Filippo_2012
posterior-383,,posterior.trees,,sample,bayesian,substitutions,de_Filippo_2012
posterior-384,,posterior.trees,,sample,bayesian,substitutions,de_Filippo_2012
posterior-385,,posterior.trees,,sample,bayesian,substitutions,de_Filippo_2012
posterior-386,,posterior.trees,,sample,bayesian,substitutions,de_Filippo_2012
posterior-387,,posterior.trees,,sample,bayesian,substitutions,de_Filippo_2012
posterior-388,,posterior.trees,,sample,bayesian,substitutions,de_Filippo_2012
posterior-389,,posterior.trees,,sample,bayesian,substitutions,de_Filippo_2012
posterior-390,,posterior.trees,,sample,bayesian,substitutions,de_Filippo_2012
posterior-391,,posterior.trees,,sample,bayesian,substitutions,de_Filippo_2012
posterior-392,,posterior.trees,,sample,bayesian,substitutions,de_Filippo_2012
posterior-393,,posterior.trees,,sample,bayesian,substitutions,de_Filippo_2012
posterior-394,,posterior.trees,,sample,bayesian,substitutions,de_Filippo_2012
posterior-395,,posterior.trees,,sample,bayesian,substitutions,de_Filippo_2012
posterior-396,,posterior.trees,,sample,bayesian,substitutions,de_Filippo_2012
posterior-397,,posterior.trees,,sample,bayesian,substitutions,de_Filippo_2012
posterior-398,,posterior.trees,,sample,bayesian,substitutions,de_Filippo_2012
posterior-399,,posterior.trees,,sample,bayesian,substitutions,de_Filippo_2012
posterior-400,,posterior.trees,,sample,bayesian,substitutions,de_Filippo_2012
posterior-401,,posterior.trees,,sample,bayesian,substitutions,de_Filippo_2012
posterior-402,,posterior.trees,,sample,bayesian,substitutions,de_Filippo_2012
posterior-403,,posterior.trees,,sample,bayesian,substitutions,de_Filippo_2012
posterior-404,,posterior.trees,,sample,bayesian,substitutions,de_Filippo_2012
posterior-405,,posterior.trees,,sample,bayesian,substitutions,de_Filippo_2012
posterior-406,,posterior.trees,,sample,bayesian,substitutions,de_Filippo_2012
posterior-407,,posterior.trees,,sample,bayesian,substitutions,de_Filippo_2012
posterior-408,,posterior.trees,,sample,bayesian,substitutions,de_Filippo_2012
posterior-409,,posterior.trees,,sample,bayesian,substitutions,de_Filippo_2012
posterior-410,,posterior.trees,,sample,bayesian,substitutions,de_Filippo_2012
posterior-411,,posterior.trees,,sample,bayesian,substitutions,de_Filippo_2012
posterior-412,,posterior.trees,,sample,bayesian,substitutions,de_Filippo_2012
posterior-413,,posterior.trees,,sample,bayesian,substitutions,de_Filippo_2012
posterior-414,,posterior.trees,,sample,bayesian,substitutions,de_Filippo_2012
posterior-415,,posterior.trees,,sample,bayesian,substitutions,de_Filippo_2012
posterior-416,,posterior.trees,,sample,bayesian,substitutions,de_Filippo_2012
posterior-417,,posterior.trees,,sample,bayesian,substitutions,de_Filippo_2012
posterior-418,,posterior.trees,,sample,bayesian,substitutions,de_Filippo_2012
posterior-419,,posterior.trees,,sample,bayesian,substitutions,de_Filippo_2012
posterior-420,,posterior.trees,,sample,bayesian,substitutions,de_Filippo_2012
posterior-421,,posterior.trees,,sample,bayesian,substitutions,de_Filippo_2012
posterior-422,,posterior.trees,,sample,bayesian,substitutions,de_Filippo_2012
posterior-423,,posterior.trees,,sample,bayesian,substitutions,de_Filippo_2012
posterior-424,,posterior.trees,,sample,bayesian,substitutions,de_Filippo_2012
posterior-425,,posterior.trees,,sample,bayesian,substitutions,de_Filippo_2012
posterior-426,,posterior.trees,,sample,bayesian,substitutions,de_Filippo_2012
posterior-427,,posterior.trees,,sample,bayesian,substitutions,de_Filippo_2012
posterior-428,,posterior.trees,,sample,bayesian,substitutions,de_Filippo_2012
posterior-429,,posterior.trees,,sample,bayesian,substitutions,de_Filippo_2012
posterior-430,,posterior.trees,,sample,bayesian,substitutions,de_Filippo_2012
posterior-431,,posterior.trees,,sample,bayesian,substitutions,de_Filippo_2012
posterior-432,,posterior.trees,,sample,bayesian,substitutions,de_Filippo_2012
posterior-433,,posterior.trees,,sample,bayesian,substitutions,de_Filippo_2012
posterior-434,,posterior.trees,,sample,bayesian,substitutions,de_Filippo_2012
posterior-435,,posterior.trees,,sample,bayesian,substitutions,de_Filippo_2012
posterior-436,,posterior.trees,,sample,bayesian,substitutions,de_Filippo_2012
posterior-437,,posterior.trees,,sample,bayesian,substitutions,de_Filippo_2012
posterior-438,,posterior.trees,,sample,bayesian,substitutions,de_Filippo_2012
posterior-439,,posterior.trees,,sample,bayesian,substitutions,de_Filippo_2012
posterior-440,,posterior.trees,,sample,bayesian,substitutions,de_Filippo_2012
posterior-441,,posterior.trees,,sample,bayesian,substitutions,de_Filippo_2012
posterior-442,,posterior.trees,,sample,bayesian,substitutions,de_Filippo_2012
posterior-443,,posterior.trees,,sample,bayesian,substitutions,de_Filippo_2012
posterior-444,,posterior.trees,,sample,bayesian,substitutions,de_Filippo_2012
posterior-445,,posterior.trees,,sample,bayesian,substitutions,de_Filippo_2012
posterior-446,,posterior.trees,,sample,bayesian,substitutions,de_Filippo_2012
posterior-447,,posterior.trees,,sample,bayesian,substitutions,de_Filippo_2012
posterior-448,,posterior.trees,,sample,bayesian,substitutions,de_Filippo_2012
posterior-449,,posterior.trees,,sample,bayesian,substitutions,de_Filippo_2012
posterior-450,,posterior.trees,,sample,bayesian,substitutions,de_Filippo_2012
posterior-451,,posterior.trees,,sample,bayesian,substitutions,de_Filippo_2012
posterior-452,,posterior.trees,,sample,bayesian,substitutions,de_Filippo_2012
posterior-453,,posterior.trees,,sample,bayesian,substitutions,de_Filippo_2012
posterior-454,,posterior.trees,,sample,bayesian,substitutions,de_Filippo_2012
posterior-455,,posterior.trees,,sample,bayesian,substitutions,de_Filippo_2012
posterior-456,,posterior.trees,,sample,bayesian,substitutions,de_Filippo_2012
posterior-457,,posterior.trees,,sample,bayesian,substitutions,de_Filippo_2012
posterior-458,,posterior.trees,,sample,bayesian,substitutions,de_Filippo_2012
posterior-459,,posterior.trees,,sample,bayesian,substitutions,de_Filippo_2012
posterior-460,,posterior.trees,,sample,bayesian,substitutions,de_Filippo_2012
posterior-461,,posterior.trees,,sample,bayesian,substitutions,de_Filippo_2012
posterior-462,,posterior.trees,,sample,bayesian,substitutions,de_Filippo_2012
posterior-463,,posterior.trees,,sample,bayesian,substitutions,de_Filippo_2012
posterior-464,,posterior.trees,,sample,bayesian,substitutions,de_Filippo_2012
posterior-465,,posterior.trees,,sample,bayesian,substitutions,de_Filippo_2012
posterior-466,,posterior.trees,,sample,bayesian,substitutions,de_Filippo_2012
posterior-467,,posterior.trees,,sample,bayesian,substitutions,de_Filippo_2012
posterior-468,,posterior.trees,,sample,bayesian,substitutions,de_Filippo_2012
posterior-469,,posterior.trees,,sample,bayesian,substitutions,de_Filippo_2012
posterior-470,,posterior.trees,,sample,bayesian,substitutions,de_Filippo_2012
posterior-471,,posterior.trees,,sample,bayesian,substitutions,de_Filippo_2012
posterior-472,,posterior.trees,,sample,bayesian,substitutions,de_Filippo_2012
posterior-473,,posterior.trees,,sample,bayesian,substitutions,de_Filippo_2012
posterior-474,,posterior.trees,,sample,bayesian,substitutions,de_Filippo_2012
posterior-475,,posterior.trees,,sample,bayesian,substitutions,de_Filippo_2012
posterior-476,,posterior.trees,,sample,bayesian,substitutions,de_Filippo_2012
posterior-477,,posterior.trees,,sample,bayesian,substitutions,de_Filippo_2012
posterior-478,,posterior.trees,,sample,bayesian,substitutions,de_Filippo_2012
posterior-479,,posterior.trees,,sample,bayesian,substitutions,de_Filippo_2012
posterior-480,,posterior.trees,,sample,bayesian,substitutions,de_Filippo_2012
posterior-481,,posterior.trees,,sample,bayesian,substitutions,de_Filippo_2012
posterior-482,,posterior.trees,,sample,bayesian,substitutions,de_Filippo_2012
posterior-483,,posterior.trees,,sample,bayesian,substitutions,de_Filippo_2012
posterior-484,,posterior.trees,,sample,bayesian,substitutions,de_Filippo_2012
posterior-485,,posterior.trees,,sample,bayesian,substitutions,de_Filippo_2012
posterior-486,,posterior.trees,,sample,bayesian,substitutions,de_Filippo_2012
posterior-487,,posterior.trees,,sample,bayesian,substitutions,de_Filippo_2012
posterior-488,,posterior.trees,,sample,bayesian,substitutions,de_Filippo_2012
posterior-489,,posterior.trees,,sample,bayesian,substitutions,de_Filippo_2012
posterior-490,,posterior.trees,,sample,bayesian,substitutions,de_Filippo_2012
posterior-491,,posterior.trees,,sample,bayesian,substitutions,de_Filippo_2012
posterior-492,,posterior.trees,,sample,bayesian,substitutions,de_Filippo_2012
posterior-493,,posterior.trees,,sample,bayesian,substitutions,de_Filippo_2012
posterior-494,,posterior.trees,,sample,bayesian,substitutions,de_Filippo_2012
posterior-495,,posterior.trees,,sample,bayesian,substitutions,de_Filippo_2012
posterior-496,,posterior.trees,,sample,bayesian,substitutions,de_Filippo_2012
posterior-497,,posterior.trees,,sample,bayesian,substitutions,de_Filippo_2012
posterior-498,,posterior.trees,,sample,bayesian,substitutions,de_Filippo_2012
posterior-499,,posterior.trees,,sample,bayesian,substitutions,de_Filippo_2012
posterior-500,,posterior.trees,,sample,bayesian,substitutions,de_Filippo_2012
posterior-501,,posterior.trees,,sample,bayesian,substitutions,de_Filippo_2012
posterior-502,,posterior.trees,,sample,bayesian,substitutions,de_Filippo_2012
posterior-503,,posterior.trees,,sample,bayesian,substitutions,de_Filippo_2012
posterior-504,,posterior.trees,,sample,bayesian,substitutions,de_Filippo_2012
posterior-505,,posterior.trees,,sample,bayesian,substitutions,de_Filippo_2012
posterior-506,,posterior.trees,,sample,bayesian,substitutions,de_Filippo_2012
posterior-507,,posterior.trees,,sample,bayesian,substitutions,de_Filippo_2012
posterior-508,,posterior.trees,,sample,bayesian,substitutions,de_Filippo_2012
posterior-509,,posterior.trees,,sample,bayesian,substitutions,de_Filippo_2012
posterior-510,,posterior.trees,,sample,bayesian,substitutions,de_Filippo_2012
posterior-511,,posterior.trees,,sample,bayesian,substitutions,de_Filippo_2012
posterior-512,,posterior.trees,,sample,bayesian,substitutions,de_Filippo_2012
posterior-513,,posterior.trees,,sample,bayesian,substitutions,de_Filippo_2012
posterior-514,,posterior.trees,,sample,bayesian,substitutions,de_Filippo_2012
posterior-515,,posterior.trees,,sample,bayesian,substitutions,de_Filippo_2012
posterior-516,,posterior.trees,,sample,bayesian,substitutions,de_Filippo_2012
posterior-517,,posterior.trees,,sample,bayesian,substitutions,de_Filippo_2012
posterior-518,,posterior.trees,,sample,bayesian,substitutions,de_Filippo_2012
posterior-519,,posterior.trees,,sample,bayesian,substitutions,de_Filippo_2012
posterior-520,,posterior.trees,,sample,bayesian,substitutions,de_Filippo_2012
posterior-521,,posterior.trees,,sample,bayesian,substitutions,de_Filippo_2012
posterior-522,,posterior.trees,,sample,bayesian,substitutions,de_Filippo_2012
posterior-523,,posterior.trees,,sample,bayesian,substitutions,de_Filippo_2012
posterior-524,,posterior.trees,,sample,bayesian,substitutions,de_Filippo_2012
posterior-525,,posterior.trees,,sample,bayesian,substitutions,de_Filippo_2012
posterior-526,,posterior.trees,,sample,bayesian,substitutions,de_Filippo_2012
posterior-527,,posterior.trees,,sample,bayesian,substitutions,de_Filippo_2012
posterior-528,,posterior.trees,,sample,bayesian,substitutions,de_Filippo_2012
posterior-529,,posterior.trees,,sample,bayesian,substitutions,de_Filippo_2012
posterior-530,,posterior.trees,,sample,bayesian,substitutions,de_Filippo_2012
posterior-531,,posterior.trees,,sample,bayesian,substitutions,de_Filippo_2012
posterior-532,,posterior.trees,,sample,bayesian,substitutions,de_Filippo_2012
posterior-533,,posterior.trees,,sample,bayesian,substitutions,de_Filippo_2012
posterior-534,,posterior.trees,,sample,bayesian,substitutions,de_Filippo_2012
posterior-535,,posterior.trees,,sample,bayesian,substitutions,de_Filippo_2012
posterior-536,,posterior.trees,,sample,bayesian,substitutions,de_Filippo_2012
posterior-537,,posterior.trees,,sample,bayesian,substitutions,de_Filippo_2012
posterior-538,,posterior.trees,,sample,bayesian,substitutions,de_Filippo_2012
posterior-539,,posterior.trees,,sample,bayesian,substitutions,de_Filippo_2012
posterior-540,,posterior.trees,,sample,bayesian,substitutions,de_Filippo_2012
posterior-541,,posterior.trees,,sample,bayesian,substitutions,de_Filippo_2012
posterior-542,,posterior.trees,,sample,bayesian,substitutions,de_Filippo_2012
posterior-543,,posterior.trees,,sample,bayesian,substitutions,de_Filippo_2012
posterior-544,,posterior.trees,,sample,bayesian,substitutions,de_Filippo_2012
posterior-545,,posterior.trees,,sample,bayesian,substitutions,de_Filippo_2012
posterior-546,,posterior.trees,,sample,bayesian,substitutions,de_Filippo_2012
posterior-547,,posterior.trees,,sample,bayesian,substitutions,de_Filippo_2012
posterior-548,,posterior.trees,,sample,bayesian,substitutions,de_Filippo_2012
posterior-549,,posterior.trees,,sample,bayesian,substitutions,de_Filippo_2012
posterior-550,,posterior.trees,,sample,bayesian,substitutions,de_Filippo_2012
posterior-551,,posterior.trees,,sample,bayesian,substitutions,de_Filippo_2012
posterior-552,,posterior.trees,,sample,bayesian,substitutions,de_Filippo_2012
posterior-553,,posterior.trees,,sample,bayesian,substitutions,de_Filippo_2012
posterior-554,,posterior.trees,,sample,bayesian,substitutions,de_Filippo_2012
posterior-555,,posterior.trees,,sample,bayesian,substitutions,de_Filippo_2012
posterior-556,,posterior.trees,,sample,bayesian,substitutions,de_Filippo_2012
posterior-557,,posterior.trees,,sample,bayesian,substitutions,de_Filippo_2012
posterior-558,,posterior.trees,,sample,bayesian,substitutions,de_Filippo_2012
posterior-559,,posterior.trees,,sample,bayesian,substitutions,de_Filippo_2012
posterior-560,,posterior.trees,,sample,bayesian,substitutions,de_Filippo_2012
posterior-561,,posterior.trees,,sample,bayesian,substitutions,de_Filippo_2012
posterior-562,,posterior.trees,,sample,bayesian,substitutions,de_Filippo_2012
posterior-563,,posterior.trees,,sample,bayesian,substitutions,de_Filippo_2012
posterior-564,,posterior.trees,,sample,bayesian,substitutions,de_Filippo_2012
posterior-565,,posterior.trees,,sample,bayesian,substitutions,de_Filippo_2012
posterior-566,,posterior.trees,,sample,bayesian,substitutions,de_Filippo_2012
posterior-567,,posterior.trees,,sample,bayesian,substitutions,de_Filippo_2012
posterior-568,,posterior.trees,,sample,bayesian,substitutions,de_Filippo_2012
posterior-569,,posterior.trees,,sample,bayesian,substitutions,de_Filippo_2012
posterior-570,,posterior.trees,,sample,bayesian,substitutions,de_Filippo_2012
posterior-571,,posterior.trees,,sample,bayesian,substitutions,de_Filippo_2012
posterior-572,,posterior.trees,,sample,bayesian,substitutions,de_Filippo_2012
posterior-573,,posterior.trees,,sample,bayesian,substitutions,de_Filippo_2012
posterior-574,,posterior.trees,,sample,bayesian,substitutions,de_Filippo_2012
posterior-575,,posterior.trees,,sample,bayesian,substitutions,de_Filippo_2012
posterior-576,,posterior.trees,,sample,bayesian,substitutions,de_Filippo_2012
posterior-577,,posterior.trees,,sample,bayesian,substitutions,de_Filippo_2012
posterior-578,,posterior.trees,,sample,bayesian,substitutions,de_Filippo_2012
posterior-579,,posterior.trees,,sample,bayesian,substitutions,de_Filippo_2012
posterior-580,,posterior.trees,,sample,bayesian,substitutions,de_Filippo_2012
posterior-581,,posterior.trees,,sample,bayesian,substitutions,de_Filippo_2012
posterior-582,,posterior.trees,,sample,bayesian,substitutions,de_Filippo_2012
posterior-583,,posterior.trees,,sample,bayesian,substitutions,de_Filippo_2012
posterior-584,,posterior.trees,,sample,bayesian,substitutions,de_Filippo_2012
posterior-585,,posterior.trees,,sample,bayesian,substitutions,de_Filippo_2012
posterior-586,,posterior.trees,,sample,bayesian,substitutions,de_Filippo_2012
posterior-587,,posterior.trees,,sample,bayesian,substitutions,de_Filippo_2012
posterior-588,,posterior.trees,,sample,bayesian,substitutions,de_Filippo_2012
posterior-589,,posterior.trees,,sample,bayesian,substitutions,de_Filippo_2012
posterior-590,,posterior.trees,,sample,bayesian,substitutions,de_Filippo_2012
posterior-591,,posterior.trees,,sample,bayesian,substitutions,de_Filippo_2012
posterior-592,,posterior.trees,,sample,bayesian,substitutions,de_Filippo_2012
posterior-593,,posterior.trees,,sample,bayesian,substitutions,de_Filippo_2012
posterior-594,,posterior.trees,,sample,bayesian,substitutions,de_Filippo_2012
posterior-595,,posterior.trees,,sample,bayesian,substitutions,de_Filippo_2012
posterior-596,,posterior.trees,,sample,bayesian,substitutions,de_Filippo_2012
posterior-597,,posterior.trees,,sample,bayesian,substitutions,de_Filippo_2012
posterior-598,,posterior.trees,,sample,bayesian,substitutions,de_Filippo_2012
posterior-599,,posterior.trees,,sample,bayesian,substitutions,de_Filippo_2012
posterior-600,,posterior.trees,,sample,bayesian,substitutions,de_Filippo_2012
posterior-601,,posterior.trees,,sample,bayesian,substitutions,de_Filippo_2012
posterior-602,,posterior.trees,,sample,bayesian,substitutions,de_Filippo_2012
posterior-603,,posterior.trees,,sample,bayesian,substitutions,de_Filippo_2012
posterior-604,,posterior.trees,,sample,bayesian,substitutions,de_Filippo_2012
posterior-605,,posterior.trees,,sample,bayesian,substitutions,de_Filippo_2012
posterior-606,,posterior.trees,,sample,bayesian,substitutions,de_Filippo_2012
posterior-607,,posterior.trees,,sample,bayesian,substitutions,de_Filippo_2012
posterior-608,,posterior.trees,,sample,bayesian,substitutions,de_Filippo_2012
posterior-609,,posterior.trees,,sample,bayesian,substitutions,de_Filippo_2012
posterior-610,,posterior.trees,,sample,bayesian,substitutions,de_Filippo_2012
posterior-611,,posterior.trees,,sample,bayesian,substitutions,de_Filippo_2012
posterior-612,,posterior.trees,,sample,bayesian,substitutions,de_Filippo_2012
posterior-613,,posterior.trees,,sample,bayesian,substitutions,de_Filippo_2012
posterior-614,,posterior.trees,,sample,bayesian,substitutions,de_Filippo_2012
posterior-615,,posterior.trees,,sample,bayesian,substitutions,de_Filippo_2012
posterior-616,,posterior.trees,,sample,bayesian,substitutions,de_Filippo_2012
posterior-617,,posterior.trees,,sample,bayesian,substitutions,de_Filippo_2012
posterior-618,,posterior.trees,,sample,bayesian,substitutions,de_Filippo_2012
posterior-619,,posterior.trees,,sample,bayesian,substitutions,de_Filippo_2012
posterior-620,,posterior.trees,,sample,bayesian,substitutions,de_Filippo_2012
posterior-621,,posterior.trees,,sample,bayesian,substitutions,de_Filippo_2012
posterior-622,,posterior.trees,,sample,bayesian,substitutions,de_Filippo_2012
posterior-623,,posterior.trees,,sample,bayesian,substitutions,de_Filippo_2012
posterior-624,,posterior.trees,,sample,bayesian,substitutions,de_Filippo_2012
posterior-625,,posterior.trees,,sample,bayesian,substitutions,de_Filippo_2012
posterior-626,,posterior.trees,,sample,bayesian,substitutions,de_Filippo_2012
posterior-627,,posterior.trees,,sample,bayesian,substitutions,de_Filippo_2012
posterior-628,,posterior.trees,,sample,bayesian,substitutions,de_Filippo_2012
posterior-629,,posterior.trees,,sample,bayesian,substitutions,de_Filippo_2012
posterior-630,,posterior.trees,,sample,bayesian,substitutions,de_Filippo_2012
posterior-631,,posterior.trees,,sample,bayesian,substitutions,de_Filippo_2012
posterior-632,,posterior.trees,,sample,bayesian,substitutions,de_Filippo_2012
posterior-633,,posterior.trees,,sample,bayesian,substitutions,de_Filippo_2012
posterior-634,,posterior.trees,,sample,bayesian,substitutions,de_Filippo_2012
posterior-635,,posterior.trees,,sample,bayesian,substitutions,de_Filippo_2012
posterior-636,,posterior.trees,,sample,bayesian,substitutions,de_Filippo_2012
posterior-637,,posterior.trees,,sample,bayesian,substitutions,de_Filippo_2012
posterior-638,,posterior.trees,,sample,bayesian,substitutions,de_Filippo_2012
posterior-639,,posterior.trees,,sample,bayesian,substitutions,de_Filippo_2012
posterior-640,,posterior.trees,,sample,bayesian,substitutions,de_Filippo_2012
posterior-641,,posterior.trees,,sample,bayesian,substitutions,de_Filippo_2012
posterior-642,,posterior.trees,,sample,bayesian,substitutions,de_Filippo_2012
posterior-643,,posterior.trees,,sample,bayesian,substitutions,de_Filippo_2012
posterior-644,,posterior.trees,,sample,bayesian,substitutions,de_Filippo_2012
posterior-645,,posterior.trees,,sample,bayesian,substitutions,de_Filippo_2012
posterior-646,,posterior.trees,,sample,bayesian,substitutions,de_Filippo_2012
posterior-647,,posterior.trees,,sample,bayesian,substitutions,de_Filippo_2012
posterior-648,,posterior.trees,,sample,bayesian,substitutions,de_Filippo_2012
posterior-649,,posterior.trees,,sample,bayesian,substitutions,de_Filippo_2012
posterior-650,,posterior.trees,,sample,bayesian,substitutions,de_Filippo_2012
posterior-651,,posterior.trees,,sample,bayesian,substitutions,de_Filippo_2012
posterior-652,,posterior.trees,,sample,bayesian,substitutions,de_Filippo_2012
posterior-653,,posterior.trees,,sample,bayesian,substitutions,de_Filippo_2012
posterior-654,,posterior.trees,,sample,bayesian,substitutions,de_Filippo_2012
posterior-655,,posterior.trees,,sample,bayesian,substitutions,de_Filippo_2012
posterior-656,,posterior.trees,,sample,bayesian,substitutions,de_Filippo_2012
posterior-657,,posterior.trees,,sample,bayesian,substitutions,de_Filippo_2012
posterior-658,,posterior.trees,,sample,bayesian,substitutions,de_Filippo_2012
posterior-659,,posterior.trees,,sample,bayesian,substitutions,de_Filippo_2012
posterior-660,,posterior.trees,,sample,bayesian,substitutions,de_Filippo_2012
posterior-661,,posterior.trees,,sample,bayesian,substitutions,de_Filippo_2012
posterior-662,,posterior.trees,,sample,bayesian,substitutions,de_Filippo_2012
posterior-663,,posterior.trees,,sample,bayesian,substitutions,de_Filippo_2012
posterior-664,,posterior.trees,,sample,bayesian,substitutions,de_Filippo_2012
posterior-665,,posterior.trees,,sample,bayesian,substitutions,de_Filippo_2012
posterior-666,,posterior.trees,,sample,bayesian,substitutions,de_Filippo_2012
posterior-667,,posterior.trees,,sample,bayesian,substitutions,de_Filippo_2012
posterior-668,,posterior.trees,,sample,bayesian,substitutions,de_Filippo_2012
posterior-669,,posterior.trees,,sample,bayesian,substitutions,de_Filippo_2012
posterior-670,,posterior.trees,,sample,bayesian,substitutions,de_Filippo_2012
posterior-671,,posterior.trees,,sample,bayesian,substitutions,de_Filippo_2012
posterior-672,,posterior.trees,,sample,bayesian,substitutions,de_Filippo_2012
posterior-673,,posterior.trees,,sample,bayesian,substitutions,de_Filippo_2012
posterior-674,,posterior.trees,,sample,bayesian,substitutions,de_Filippo_2012
posterior-675,,posterior.trees,,sample,bayesian,substitutions,de_Filippo_2012
posterior-676,,posterior.trees,,sample,bayesian,substitutions,de_Filippo_2012
posterior-677,,posterior.trees,,sample,bayesian,substitutions,de_Filippo_2012
posterior-678,,posterior.trees,,sample,bayesian,substitutions,de_Filippo_2012
posterior-679,,posterior.trees,,sample,bayesian,substitutions,de_Filippo_2012
posterior-680,,posterior.trees,,sample,bayesian,substitutions,de_Filippo_2012
posterior-681,,posterior.trees,,sample,bayesian,substitutions,de_Filippo_2012
posterior-682,,posterior.trees,,sample,bayesian,substitutions,de_Filippo_2012
posterior-683,,posterior.trees,,sample,bayesian,substitutions,de_Filippo_2012
posterior-684,,posterior.trees,,sample,bayesian,substitutions,de_Filippo_2012
posterior-685,,posterior.trees,,sample,bayesian,substitutions,de_Filippo_2012
posterior-686,,posterior.trees,,sample,bayesian,substitutions,de_Filippo_2012
posterior-687,,posterior.trees,,sample,bayesian,substitutions,de_Filippo_2012
posterior-688,,posterior.trees,,sample,bayesian,substitutions,de_Filippo_2012
posterior-689,,posterior.trees,,sample,bayesian,substitutions,de_Filippo_2012
posterior-690,,posterior.trees,,sample,bayesian,substitutions,de_Filippo_2012
posterior-691,,posterior.trees,,sample,bayesian,substitutions,de_Filippo_2012
posterior-692,,posterior.trees,,sample,bayesian,substitutions,de_Filippo_2012
posterior-693,,posterior.trees,,sample,bayesian,substitutions,de_Filippo_2012
posterior-694,,posterior.trees,,sample,bayesian,substitutions,de_Filippo_2012
posterior-695,,posterior.trees,,sample,bayesian,substitutions,de_Filippo_2012
posterior-696,,posterior.trees,,sample,bayesian,substitutions,de_Filippo_2012
posterior-697,,posterior.trees,,sample,bayesian,substitutions,de_Filippo_2012
posterior-698,,posterior.trees,,sample,bayesian,substitutions,de_Filippo_2012
posterior-699,,posterior.trees,,sample,bayesian,substitutions,de_Filippo_2012
posterior-700,,posterior.trees,,sample,bayesian,substitutions,de_Filippo_2012
posterior-701,,posterior.trees,,sample,bayesian,substitutions,de_Filippo_2012
posterior-702,,posterior.trees,,sample,bayesian,substitutions,de_Filippo_2012
posterior-703,,posterior.trees,,sample,bayesian,substitutions,de_Filippo_2012
posterior-704,,posterior.trees,,sample,bayesian,substitutions,de_Filippo_2012
posterior-705,,posterior.trees,,sample,bayesian,substitutions,de_Filippo_2012
posterior-706,,posterior.trees,,sample,bayesian,substitutions,de_Filippo_2012
posterior-707,,posterior.trees,,sample,bayesian,substitutions,de_Filippo_2012
posterior-708,,posterior.trees,,sample,bayesian,substitutions,de_Filippo_2012
posterior-709,,posterior.trees,,sample,bayesian,substitutions,de_Filippo_2012
posterior-710,,posterior.trees,,sample,bayesian,substitutions,de_Filippo_2012
posterior-711,,posterior.trees,,sample,bayesian,substitutions,de_Filippo_2012
posterior-712,,posterior.trees,,sample,bayesian,substitutions,de_Filippo_2012
posterior-713,,posterior.trees,,sample,bayesian,substitutions,de_Filippo_2012
posterior-714,,posterior.trees,,sample,bayesian,substitutions,de_Filippo_2012
posterior-715,,posterior.trees,,sample,bayesian,substitutions,de_Filippo_2012
posterior-716,,posterior.trees,,sample,bayesian,substitutions,de_Filippo_2012
posterior-717,,posterior.trees,,sample,bayesian,substitutions,de_Filippo_2012
posterior-718,,posterior.trees,,sample,bayesian,substitutions,de_Filippo_2012
posterior-719,,posterior.trees,,sample,bayesian,substitutions,de_Filippo_2012
posterior-720,,posterior.trees,,sample,bayesian,substitutions,de_Filippo_2012
posterior-721,,posterior.trees,,sample,bayesian,substitutions,de_Filippo_2012
posterior-722,,posterior.trees,,sample,bayesian,substitutions,de_Filippo_2012
posterior-723,,posterior.trees,,sample,bayesian,substitutions,de_Filippo_2012
posterior-724,,posterior.trees,,sample,bayesian,substitutions,de_Filippo_2012
posterior-725,,posterior.trees,,sample,bayesian,substitutions,de_Filippo_2012
posterior-726,,posterior.trees,,sample,bayesian,substitutions,de_Filippo_2012
posterior-727,,posterior.trees,,sample,bayesian,substitutions,de_Filippo_2012
posterior-728,,posterior.trees,,sample,bayesian,substitutions,de_Filippo_2012
posterior-729,,posterior.trees,,sample,bayesian,substitutions,de_Filippo_2012
posterior-730,,posterior.trees,,sample,bayesian,substitutions,de_Filippo_2012
posterior-731,,posterior.trees,,sample,bayesian,substitutions,de_Filippo_2012
posterior-732,,posterior.trees,,sample,bayesian,substitutions,de_Filippo_2012
posterior-733,,posterior.trees,,sample,bayesian,substitutions,de_Filippo_2012
posterior-734,,posterior.trees,,sample,bayesian,substitutions,de_Filippo_2012
posterior-735,,posterior.trees,,sample,bayesian,substitutions,de_Filippo_2012
posterior-736,,posterior.trees,,sample,bayesian,substitutions,de_Filippo_2012
posterior-737,,posterior.trees,,sample,bayesian,substitutions,de_Filippo_2012
posterior-738,,posterior.trees,,sample,bayesian,substitutions,de_Filippo_2012
posterior-739,,posterior.trees,,sample,bayesian,substitutions,de_Filippo_2012
posterior-740,,posterior.trees,,sample,bayesian,substitutions,de_Filippo_2012
posterior-741,,posterior.trees,,sample,bayesian,substitutions,de_Filippo_2012
posterior-742,,posterior.trees,,sample,bayesian,substitutions,de_Filippo_2012
posterior-743,,posterior.trees,,sample,bayesian,substitutions,de_Filippo_2012
posterior-744,,posterior.trees,,sample,bayesian,substitutions,de_Filippo_2012
posterior-745,,posterior.trees,,sample,bayesian,substitutions,de_Filippo_2012
posterior-746,,posterior.trees,,sample,bayesian,substitutions,de_Filippo_2012
posterior-747,,posterior.trees,,sample,bayesian,substitutions,de_Filippo_2012
posterior-748,,posterior.trees,,sample,bayesian,substitutions,de_Filippo_2012
posterior-749,,posterior.trees,,sample,bayesian,substitutions,de_Filippo_2012
posterior-750,,posterior.trees,,sample,bayesian,substitutions,de_Filippo_2012
posterior-751,,posterior.trees,,sample,bayesian,substitutions,de_Filippo_2012
posterior-752,,posterior.trees,,sample,bayesian,substitutions,de_Filippo_2012
posterior-753,,posterior.trees,,sample,bayesian,substitutions,de_Filippo_2012
posterior-754,,posterior.trees,,sample,bayesian,substitutions,de_Filippo_2012
posterior-755,,posterior.trees,,sample,bayesian,substitutions,de_Filippo_2012
posterior-756,,posterior.trees,,sample,bayesian,substitutions,de_Filippo_2012
posterior-757,,posterior.trees,,sample,bayesian,substitutions,de_Filippo_2012
posterior-758,,posterior.trees,,sample,bayesian,substitutions,de_Filippo_2012
posterior-759,,posterior.trees,,sample,bayesian,substitutions,de_Filippo_2012
posterior-760,,posterior.trees,,sample,bayesian,substitutions,de_Filippo_2012
posterior-761,,posterior.trees,,sample,bayesian,substitutions,de_Filippo_2012
posterior-762,,posterior.trees,,sample,bayesian,substitutions,de_Filippo_2012
posterior-763,,posterior.trees,,sample,bayesian,substitutions,de_Filippo_2012
posterior-764,,posterior.trees,,sample,bayesian,substitutions,de_Filippo_2012
posterior-765,,posterior.trees,,sample,bayesian,substitutions,de_Filippo_2012
posterior-766,,posterior.trees,,sample,bayesian,substitutions,de_Filippo_2012
posterior-767,,posterior.trees,,sample,bayesian,substitutions,de_Filippo_2012
posterior-768,,posterior.trees,,sample,bayesian,substitutions,de_Filippo_2012
posterior-769,,posterior.trees,,sample,bayesian,substitutions,de_Filippo_2012
posterior-770,,posterior.trees,,sample,bayesian,substitutions,de_Filippo_2012
posterior-771,,posterior.trees,,sample,bayesian,substitutions,de_Filippo_2012
posterior-772,,posterior.trees,,sample,bayesian,substitutions,de_Filippo_2012
posterior-773,,posterior.trees,,sample,bayesian,substitutions,de_Filippo_2012
posterior-774,,posterior.trees,,sample,bayesian,substitutions,de_Filippo_2012
posterior-775,,posterior.trees,,sample,bayesian,substitutions,de_Filippo_2012
posterior-776,,posterior.trees,,sample,bayesian,substitutions,de_Filippo_2012
posterior-777,,posterior.trees,,sample,bayesian,substitutions,de_Filippo_2012
posterior-778,,posterior.trees,,sample,bayesian,substitutions,de_Filippo_2012
posterior-779,,posterior.trees,,sample,bayesian,substitutions,de_Filippo_2012
posterior-780,,posterior.trees,,sample,bayesian,substitutions,de_Filippo_2012
posterior-781,,posterior.trees,,sample,bayesian,substitutions,de_Filippo_2012
posterior-782,,posterior.trees,,sample,bayesian,substitutions,de_Filippo_2012
posterior-783,,posterior.trees,,sample,bayesian,substitutions,de_Filippo_2012
posterior-784,,posterior.trees,,sample,bayesian,substitutions,de_Filippo_2012
posterior-785,,posterior.trees,,sample,bayesian,substitutions,de_Filippo_2012
posterior-786,,posterior.trees,,sample,bayesian,substitutions,de_Filippo_2012
posterior-787,,posterior.trees,,sample,bayesian,substitutions,de_Filippo_2012
posterior-788,,posterior.trees,,sample,bayesian,substitutions,de_Filippo_2012
posterior-789,,posterior.trees,,sample,bayesian,substitutions,de_Filippo_2012
posterior-790,,posterior.trees,,sample,bayesian,substitutions,de_Filippo_2012
posterior-791,,posterior.trees,,sample,bayesian,substitutions,de_Filippo_2012
posterior-792,,posterior.trees,,sample,bayesian,substitutions,de_Filippo_2012
posterior-793,,posterior.trees,,sample,bayesian,substitutions,de_Filippo_2012
posterior-794,,posterior.trees,,sample,bayesian,substitutions,de_Filippo_2012
posterior-795,,posterior.trees,,sample,bayesian,substitutions,de_Filippo_2012
posterior-796,,posterior.trees,,sample,bayesian,substitutions,de_Filippo_2012
posterior-797,,posterior.trees,,sample,bayesian,substitutions,de_Filippo_2012
posterior-798,,posterior.trees,,sample,bayesian,substitutions,de_Filippo_2012
posterior-799,,posterior.trees,,sample,bayesian,substitutions,de_Filippo_2012
posterior-800,,posterior.trees,,sample,bayesian,substitutions,de_Filippo_2012
posterior-801,,posterior.trees,,sample,bayesian,substitutions,de_Filippo_2012
posterior-802,,posterior.trees,,sample,bayesian,substitutions,de_Filippo_2012
posterior-803,,posterior.trees,,sample,bayesian,substitutions,de_Filippo_2012
posterior-804,,posterior.trees,,sample,bayesian,substitutions,de_Filippo_2012
posterior-805,,posterior.trees,,sample,bayesian,substitutions,de_Filippo_2012
posterior-806,,posterior.trees,,sample,bayesian,substitutions,de_Filippo_2012
posterior-807,,posterior.trees,,sample,bayesian,substitutions,de_Filippo_2012
posterior-808,,posterior.trees,,sample,bayesian,substitutions,de_Filippo_2012
posterior-809,,posterior.trees,,sample,bayesian,substitutions,de_Filippo_2012
posterior-810,,posterior.trees,,sample,bayesian,substitutions,de_Filippo_2012
posterior-811,,posterior.trees,,sample,bayesian,substitutions,de_Filippo_2012
posterior-812,,posterior.trees,,sample,bayesian,substitutions,de_Filippo_2012
posterior-813,,posterior.trees,,sample,bayesian,substitutions,de_Filippo_2012
posterior-814,,posterior.trees,,sample,bayesian,substitutions,de_Filippo_2012
posterior-815,,posterior.trees,,sample,bayesian,substitutions,de_Filippo_2012
posterior-816,,posterior.trees,,sample,bayesian,substitutions,de_Filippo_2012
posterior-817,,posterior.trees,,sample,bayesian,substitutions,de_Filippo_2012
posterior-818,,posterior.trees,,sample,bayesian,substitutions,de_Filippo_2012
posterior-819,,posterior.trees,,sample,bayesian,substitutions,de_Filippo_2012
posterior-820,,posterior.trees,,sample,bayesian,substitutions,de_Filippo_2012
posterior-821,,posterior.trees,,sample,bayesian,substitutions,de_Filippo_2012
posterior-822,,posterior.trees,,sample,bayesian,substitutions,de_Filippo_2012
posterior-823,,posterior.trees,,sample,bayesian,substitutions,de_Filippo_2012
posterior-824,,posterior.trees,,sample,bayesian,substitutions,de_Filippo_2012
posterior-825,,posterior.trees,,sample,bayesian,substitutions,de_Filippo_2012
posterior-826,,posterior.trees,,sample,bayesian,substitutions,de_Filippo_2012
posterior-827,,posterior.trees,,sample,bayesian,substitutions,de_Filippo_2012
posterior-828,,posterior.trees,,sample,bayesian,substitutions,de_Filippo_2012
posterior-829,,posterior.trees,,sample,bayesian,substitutions,de_Filippo_2012
posterior-830,,posterior.trees,,sample,bayesian,substitutions,de_Filippo_2012
posterior-831,,posterior.trees,,sample,bayesian,substitutions,de_Filippo_2012
posterior-832,,posterior.trees,,sample,bayesian,substitutions,de_Filippo_2012
posterior-833,,posterior.trees,,sample,bayesian,substitutions,de_Filippo_2012
posterior-834,,posterior.trees,,sample,bayesian,substitutions,de_Filippo_2012
posterior-835,,posterior.trees,,sample,bayesian,substitutions,de_Filippo_2012
posterior-836,,posterior.trees,,sample,bayesian,substitutions,de_Filippo_2012
posterior-837,,posterior.trees,,sample,bayesian,substitutions,de_Filippo_2012
posterior-838,,posterior.trees,,sample,bayesian,substitutions,de_Filippo_2012
posterior-839,,posterior.trees,,sample,bayesian,substitutions,de_Filippo_2012
posterior-840,,posterior.trees,,sample,bayesian,substitutions,de_Filippo_2012
posterior-841,,posterior.trees,,sample,bayesian,substitutions,de_Filippo_2012
posterior-842,,posterior.trees,,sample,bayesian,substitutions,de_Filippo_2012
posterior-843,,posterior.trees,,sample,bayesian,substitutions,de_Filippo_2012
posterior-844,,posterior.trees,,sample,bayesian,substitutions,de_Filippo_2012
posterior-845,,posterior.trees,,sample,bayesian,substitutions,de_Filippo_2012
posterior-846,,posterior.trees,,sample,bayesian,substitutions,de_Filippo_2012
posterior-847,,posterior.trees,,sample,bayesian,substitutions,de_Filippo_2012
posterior-848,,posterior.trees,,sample,bayesian,substitutions,de_Filippo_2012
posterior-849,,posterior.trees,,sample,bayesian,substitutions,de_Filippo_2012
posterior-850,,posterior.trees,,sample,bayesian,substitutions,de_Filippo_2012
posterior-851,,posterior.trees,,sample,bayesian,substitutions,de_Filippo_2012
posterior-852,,posterior.trees,,sample,bayesian,substitutions,de_Filippo_2012
posterior-853,,posterior.trees,,sample,bayesian,substitutions,de_Filippo_2012
posterior-854,,posterior.trees,,sample,bayesian,substitutions,de_Filippo_2012
posterior-855,,posterior.trees,,sample,bayesian,substitutions,de_Filippo_2012
posterior-856,,posterior.trees,,sample,bayesian,substitutions,de_Filippo_2012
posterior-857,,posterior.trees,,sample,bayesian,substitutions,de_Filippo_2012
posterior-858,,posterior.trees,,sample,bayesian,substitutions,de_Filippo_2012
posterior-859,,posterior.trees,,sample,bayesian,substitutions,de_Filippo_2012
posterior-860,,posterior.trees,,sample,bayesian,substitutions,de_Filippo_2012
posterior-861,,posterior.trees,,sample,bayesian,substitutions,de_Filippo_2012
posterior-862,,posterior.trees,,sample,bayesian,substitutions,de_Filippo_2012
posterior-863,,posterior.trees,,sample,bayesian,substitutions,de_Filippo_2012
posterior-864,,posterior.trees,,sample,bayesian,substitutions,de_Filippo_2012
posterior-865,,posterior.trees,,sample,bayesian,substitutions,de_Filippo_2012
posterior-866,,posterior.trees,,sample,bayesian,substitutions,de_Filippo_2012
posterior-867,,posterior.trees,,sample,bayesian,substitutions,de_Filippo_2012
posterior-868,,posterior.trees,,sample,bayesian,substitutions,de_Filippo_2012
posterior-869,,posterior.trees,,sample,bayesian,substitutions,de_Filippo_2012
posterior-870,,posterior.trees,,sample,bayesian,substitutions,de_Filippo_2012
posterior-871,,posterior.trees,,sample,bayesian,substitutions,de_Filippo_2012
posterior-872,,posterior.trees,,sample,bayesian,substitutions,de_Filippo_2012
posterior-873,,posterior.trees,,sample,bayesian,substitutions,de_Filippo_2012
posterior-874,,posterior.trees,,sample,bayesian,substitutions,de_Filippo_2012
posterior-875,,posterior.trees,,sample,bayesian,substitutions,de_Filippo_2012
posterior-876,,posterior.trees,,sample,bayesian,substitutions,de_Filippo_2012
posterior-877,,posterior.trees,,sample,bayesian,substitutions,de_Filippo_2012
posterior-878,,posterior.trees,,sample,bayesian,substitutions,de_Filippo_2012
posterior-879,,posterior.trees,,sample,bayesian,substitutions,de_Filippo_2012
posterior-880,,posterior.trees,,sample,bayesian,substitutions,de_Filippo_2012
posterior-881,,posterior.trees,,sample,bayesian,substitutions,de_Filippo_2012
posterior-882,,posterior.trees,,sample,bayesian,substitutions,de_Filippo_2012
posterior-883,,posterior.trees,,sample,bayesian,substitutions,de_Filippo_2012
posterior-884,,posterior.trees,,sample,bayesian,substitutions,de_Filippo_2012
posterior-885,,posterior.trees,,sample,bayesian,substitutions,de_Filippo_2012
posterior-886,,posterior.trees,,sample,bayesian,substitutions,de_Filippo_2012
posterior-887,,posterior.trees,,sample,bayesian,substitutions,de_Filippo_2012
posterior-888,,posterior.trees,,sample,bayesian,substitutions,de_Filippo_2012
posterior-889,,posterior.trees,,sample,bayesian,substitutions,de_Filippo_2012
posterior-890,,posterior.trees,,sample,bayesian,substitutions,de_Filippo_2012
posterior-891,,posterior.trees,,sample,bayesian,substitutions,de_Filippo_2012
posterior-892,,posterior.trees,,sample,bayesian,substitutions,de_Filippo_2012
posterior-893,,posterior.trees,,sample,bayesian,substitutions,de_Filippo_2012
posterior-894,,posterior.trees,,sample,bayesian,substitutions,de_Filippo_2012
posterior-895,,posterior.trees,,sample,bayesian,substitutions,de_Filippo_2012
posterior-896,,posterior.trees,,sample,bayesian,substitutions,de_Filippo_2012
posterior-897,,posterior.trees,,sample,bayesian,substitutions,de_Filippo_2012
posterior-898,,posterior.trees,,sample,bayesian,substitutions,de_Filippo_2012
posterior-899,,posterior.trees,,sample,bayesian,substitutions,de_Filippo_2012
posterior-900,,posterior.trees,,sample,bayesian,substitutions,de_Filippo_2012
posterior-901,,posterior.trees,,sample,bayesian,substitutions,de_Filippo_2012
posterior-902,,posterior.trees,,sample,bayesian,substitutions,de_Filippo_2012
posterior-903,,posterior.trees,,sample,bayesian,substitutions,de_Filippo_2012
posterior-904,,posterior.trees,,sample,bayesian,substitutions,de_Filippo_2012
posterior-905,,posterior.trees,,sample,bayesian,substitutions,de_Filippo_2012
posterior-906,,posterior.trees,,sample,bayesian,substitutions,de_Filippo_2012
posterior-907,,posterior.trees,,sample,bayesian,substitutions,de_Filippo_2012
posterior-908,,posterior.trees,,sample,bayesian,substitutions,de_Filippo_2012
posterior-909,,posterior.trees,,sample,bayesian,substitutions,de_Filippo_2012
posterior-910,,posterior.trees,,sample,bayesian,substitutions,de_Filippo_2012
posterior-911,,posterior.trees,,sample,bayesian,substitutions,de_Filippo_2012
posterior-912,,posterior.trees,,sample,bayesian,substitutions,de_Filippo_2012
posterior-913,,posterior.trees,,sample,bayesian,substitutions,de_Filippo_2012
posterior-914,,posterior.trees,,sample,bayesian,substitutions,de_Filippo_2012
posterior-915,,posterior.trees,,sample,bayesian,substitutions,de_Filippo_2012
posterior-916,,posterior.trees,,sample,bayesian,substitutions,de_Filippo_2012
posterior-917,,posterior.trees,,sample,bayesian,substitutions,de_Filippo_2012
posterior-918,,posterior.trees,,sample,bayesian,substitutions,de_Filippo_2012
posterior-919,,posterior.trees,,sample,bayesian,substitutions,de_Filippo_2012
posterior-920,,posterior.trees,,sample,bayesian,substitutions,de_Filippo_2012
posterior-921,,posterior.trees,,sample,bayesian,substitutions,de_Filippo_2012
posterior-922,,posterior.trees,,sample,bayesian,substitutions,de_Filippo_2012
posterior-923,,posterior.trees,,sample,bayesian,substitutions,de_Filippo_2012
posterior-924,,posterior.trees,,sample,bayesian,substitutions,de_Filippo_2012
posterior-925,,posterior.trees,,sample,bayesian,substitutions,de_Filippo_2012
posterior-926,,posterior.trees,,sample,bayesian,substitutions,de_Filippo_2012
posterior-927,,posterior.trees,,sample,bayesian,substitutions,de_Filippo_2012
posterior-928,,posterior.trees,,sample,bayesian,substitutions,de_Filippo_2012
posterior-929,,posterior.trees,,sample,bayesian,substitutions,de_Filippo_2012
posterior-930,,posterior.trees,,sample,bayesian,substitutions,de_Filippo_2012
posterior-931,,posterior.trees,,sample,bayesian,substitutions,de_Filippo_2012
posterior-932,,posterior.trees,,sample,bayesian,substitutions,de_Filippo_2012
posterior-933,,posterior.trees,,sample,bayesian,substitutions,de_Filippo_2012
posterior-934,,posterior.trees,,sample,bayesian,substitutions,de_Filippo_2012
posterior-935,,posterior.trees,,sample,bayesian,substitutions,de_Filippo_2012
posterior-936,,posterior.trees,,sample,bayesian,substitutions,de_Filippo_2012
posterior-937,,posterior.trees,,sample,bayesian,substitutions,de_Filippo_2012
posterior-938,,posterior.trees,,sample,bayesian,substitutions,de_Filippo_2012
posterior-939,,posterior.trees,,sample,bayesian,substitutions,de_Filippo_2012
posterior-940,,posterior.trees,,sample,bayesian,substitutions,de_Filippo_2012
posterior-941,,posterior.trees,,sample,bayesian,substitutions,de_Filippo_2012
posterior-942,,posterior.trees,,sample,bayesian,substitutions,de_Filippo_2012
posterior-943,,posterior.trees,,sample,bayesian,substitutions,de_Filippo_2012
posterior-944,,posterior.trees,,sample,bayesian,substitutions,de_Filippo_2012
posterior-945,,posterior.trees,,sample,bayesian,substitutions,de_Filippo_2012
posterior-946,,posterior.trees,,sample,bayesian,substitutions,de_Filippo_2012
posterior-947,,posterior.trees,,sample,bayesian,substitutions,de_Filippo_2012
posterior-948,,posterior.trees,,sample,bayesian,substitutions,de_Filippo_2012
posterior-949,,posterior.trees,,sample,bayesian,substitutions,de_Filippo_2012
posterior-950,,posterior.trees,,sample,bayesian,substitutions,de_Filippo_2012
posterior-951,,posterior.trees,,sample,bayesian,substitutions,de_Filippo_2012
posterior-952,,posterior.trees,,sample,bayesian,substitutions,de_Filippo_2012
posterior-953,,posterior.trees,,sample,bayesian,substitutions,de_Filippo_2012
posterior-954,,posterior.trees,,sample,bayesian,substitutions,de_Filippo_2012
posterior-955,,posterior.trees,,sample,bayesian,substitutions,de_Filippo_2012
posterior-956,,posterior.trees,,sample,bayesian,substitutions,de_Filippo_2012
posterior-957,,posterior.trees,,sample,bayesian,substitutions,de_Filippo_2012
posterior-958,,posterior.trees,,sample,bayesian,substitutions,de_Filippo_2012
posterior-959,,posterior.trees,,sample,bayesian,substitutions,de_Filippo_2012
posterior-960,,posterior.trees,,sample,bayesian,substitutions,de_Filippo_2012
posterior-961,,posterior.trees,,sample,bayesian,substitutions,de_Filippo_2012
posterior-962,,posterior.trees,,sample,bayesian,substitutions,de_Filippo_2012
posterior-963,,posterior.trees,,sample,bayesian,substitutions,de_Filippo_2012
posterior-964,,posterior.trees,,sample,bayesian,substitutions,de_Filippo_2012
posterior-965,,posterior.trees,,sample,bayesian,substitutions,de_Filippo_2012
posterior-966,,posterior.trees,,sample,bayesian,substitutions,de_Filippo_2012
posterior-967,,posterior.trees,,sample,bayesian,substitutions,de_Filippo_2012
posterior-968,,posterior.trees,,sample,bayesian,substitutions,de_Filippo_2012
posterior-969,,posterior.trees,,sample,bayesian,substitutions,de_Filippo_2012
posterior-970,,posterior.trees,,sample,bayesian,substitutions,de_Filippo_2012
posterior-971,,posterior.trees,,sample,bayesian,substitutions,de_Filippo_2012
posterior-972,,posterior.trees,,sample,bayesian,substitutions,de_Filippo_2012
posterior-973,,posterior.trees,,sample,bayesian,substitutions,de_Filippo_2012
posterior-974,,posterior.trees,,sample,bayesian,substitutions,de_Filippo_2012
posterior-975,,posterior.trees,,sample,bayesian,substitutions,de_Filippo_2012
posterior-976,,posterior.trees,,sample,bayesian,substitutions,de_Filippo_2012
posterior-977,,posterior.trees,,sample,bayesian,substitutions,de_Filippo_2012
posterior-978,,posterior.trees,,sample,bayesian,substitutions,de_Filippo_2012
posterior-979,,posterior.trees,,sample,bayesian,substitutions,de_Filippo_2012
posterior-980,,posterior.trees,,sample,bayesian,substitutions,de_Filippo_2012
posterior-981,,posterior.trees,,sample,bayesian,substitutions,de_Filippo_2012
posterior-982,,posterior.trees,,sample,bayesian,substitutions,de_Filippo_2012
posterior-983,,posterior.trees,,sample,bayesian,substitutions,de_Filippo_2012
posterior-984,,posterior.trees,,sample,bayesian,substitutions,de_Filippo_2012
posterior-985,,posterior.trees,,sample,bayesian,substitutions,de_Filippo_2012
posterior-986,,posterior.trees,,sample,bayesian,substitutions,de_Filippo_2012
posterior-987,,posterior.trees,,sample,bayesian,substitutions,de_Filippo_2012
posterior-988,,posterior.trees,,sample,bayesian,substitutions,de_Filippo_2012
posterior-989,,posterior.trees,,sample,bayesian,substitutions,de_Filippo_2012
posterior-990,,posterior.trees,,sample,bayesian,substitutions,de_Filippo_2012
posterior-991,,posterior.trees,,sample,bayesian,substitutions,de_Filippo_2012
posterior-992,,posterior.trees,,sample,bayesian,substitutions,de_Filippo_2012
posterior-993,,posterior.trees,,sample,bayesian,substitutions,de_Filippo_2012
posterior-994,,posterior.trees,,sample,bayesian,substitutions,de_Filippo_2012
posterior-995,,posterior.trees,,sample,bayesian,substitutions,de_Filippo_2012
posterior-996,,posterior.trees,,sample,bayesian,substitutions,de_Filippo_2012
posterior-997,,posterior.trees,,sample,bayesian,substitutions,de_Filippo_2012
posterior-998,,posterior.trees,,sample,bayesian,substitutions,de_Filippo_2012
posterior-999,,posterior.trees,,sample,bayesian,substitutions,de_Filippo_2012
posterior-1000,,posterior.trees,,sample,bayesian,substitutions,de_Filippo_2012
